Mpogpile	山000001	山	0.0322
Mp1tbx6d	森000002	森	0.0531
Mpf7xbc6	山000003	山	0.0315
Mpsovp1g	山000004	山	0.0612
Mp68l28u	森000005	森	0.0285
Mpju9f12	平原000006	平原	0.0355
Mpxiarcr	森000007	森	0.0376
Mpb9336k	平原000008	平原	0.0605
Mpp1uel7	森000009	森	0.0379
Mp2xcphy	山00000a	山	0.0886
Mpgutzzj	山00000b	山	0.0894
Mpuuoa0l	山00000c	山	0.0838
Mp8x9jjr	平原00000d	平原	0.0723
Mpn1tsnr	平原00000e	平原	0.0860
Mp19519v	山00000f	山	0.0339
Mpfif9gt	平原00000g	平原	0.0563
Mptu2h78	平原00000h	平原	0.0295
Mp88gofr	森00000i	森	0.0339
Mpmotv94	森00000j	森	0.0752
Mp17y1kl	平原00000k	平原	0.0497
Mpft17gw	山00000l	山	0.0719
Mpughcwo	平原00000m	平原	0.0174
Mp96ohuk	山00000n	山	0.0842
Mpnyumda	山00000o	山	0.0784
Mp2trqe4	森00000p	森	0.0306
Mphqntzs	森00000q	森	0.0595
Mpwpwx4x	平原00000r	平原	0.0987
Mpbrwzs6	森00000s	森	0.0972
Mpqvw209	平原00000t	平原	0.0371
Mp62m3qg	平原00000u	平原	0.0570
Mplbb51h	森00000v	森	0.0456
Mp0mr5um	山00000w	山	0.0872
Mpg0668l	森00000x	森	0.0969
Mpvfy661	平原00000y	平原	0.0725
Mpayh5ll	森00000z	森	0.0109
Mpqiz4lz	山000010	山	0.0245
Mp66834h	森000011	森	0.0447
Mplvg17t	森000012	森	0.0839
Mp1neyt9	森000013	森	0.0981
Mphhcvzj	森000014	森	0.0247
Mpxdnspa	平原000015	平原	0.0547
Mpdcpox5	森000016	森	0.0150
Mptdqkpu	山000017	山	0.0378
Mp9hig0n	森000018	森	0.0659
Mppn9awa	山000019	山	0.0890
Mp5vr5a1	森00001a	森	0.0154
Mpm67z8m	山00001b	山	0.0991
Mp2jfspb	森00001c	森	0.0204
Mpiymlqu	平原00001d	平原	0.0862
Mpzg6ebu	森00001e	森	0.0404
Mpg0h6ey	森00001f	森	0.0593
Mpwmqy2w	森00001g	森	0.0300
Mpdbrp8y	森00001h	森	0.0665
Mpu2rfzu	山00001i	山	0.0806
Mpawi68u	森00001j	森	0.0110
Mprs7w2o	平原00001k	平原	0.0438
Mp8qolem	森00001l	森	0.0850
Mppr4abe	山00001m	山	0.0741
Mp6uayqa	森00001n	森	0.0930
Mpnzgmq0	森00001o	森	0.0887
Mp57da7u	山00001p	山	0.0660
Mpmh8xai	平原00001q	平原	0.0272
Mp3tvjva	山00001r	山	0.0910
Mpl8h60w	山00001s	山	0.0515
Mp2ptrom	森00001t	森	0.0406
Mpk95cx6	平原00001u	平原	0.0924
Mp1v7xnu	平原00001v	平原	0.0281
Mpjj9hzc	森00001w	森	0.0804
Mp1a21sy	平原00001x	平原	0.0242
Mpj2tl7e	平原00001y	平原	0.0886
Mp0yc43y	森00001z	森	0.0718
Mpivtmlc	山000020	山	0.0348
Mp0w24ku	平原000021	平原	0.0624
Mpiy9m56	山000022	山	0.0555
Mp13837m	山000023	山	0.0747
Mpja5juw	山000024	山	0.0270
Mp1ju00a	平原000025	平原	0.0280
Mpjvhfqi	平原000026	平原	0.0612
Mp29vuyu	山000027	山	0.0221
Mpkq99s0	森000028	森	0.0271
Mp39do3a	山000029	山	0.0723
Mpluh1ze	山00002a	山	0.0773
Mp4ibfdm	森00002b	森	0.0627
Mpn84sco	山00002c	山	0.0240
Mp60p4tu	平原00002d	平原	0.0416
Mpov8gvu	森00002e	森	0.0218
Mp7sisfy	山00002f	山	0.0500
Mpqrs3kw	森00002g	森	0.0252
Mp9tse7y	森00002h	森	0.0469
Mpsxrofu	森00002i	森	0.0832
Mpc4hy5u	森00002j	森	0.0204
Mpvd77go	平原00002k	平原	0.0172
Mpeong9m	平原00002l	平原	0.0382
Mpy22one	平原00002m	平原	0.0830
Mphi8wja	平原00002n	平原	0.0404
Mp10s3yn	平原00002o	平原	0.0766
Mpklaayu	山00002p	山	0.0618
Mp48jhh5	山00002q	山	0.0964
Mpnxrnka	山00002r	山	0.0337
Mp7pqt5j	森00002s	森	0.0719
Mprjoybm	平原00002t	平原	0.0918
Mpbge2zt	平原00002u	平原	0.0439
Mpvf278u	森00002v	森	0.0859
Mpfghazz	山00002w	山	0.0335
Mpzjveby	平原00002x	平原	0.0213
Mpjq0h61	平原00002y	平原	0.0627
Mp3yijjl	山00002z	山	0.0730
Mpo8zlhz	平原000030	平原	0.0748
Mp8m7myh	山000031	山	0.0148
Mpt1enzt	平原000032	平原	0.0990
Mpdjcoj9	森000033	森	0.0888
Mpy39onj	平原000034	平原	0.0826
Mpipxo9x	森000035	森	0.0897
Mp3eynfs	森000036	森	0.0493
Mpo5ym6h	森000037	森	0.0821
Mp8zpkfa	森000038	森	0.0454
Mptvfi8x	平原000039	平原	0.0161
Mpetwfko	森00003a	森	0.0175
Mpzucch9	平原00003b	平原	0.0306
Mpkxj8vy	山00003c	山	0.0227
Mp6334u4	平原00003d	平原	0.0484
Mpram0d4	平原00003e	平原	0.0842
Mpckvve8	森00003f	森	0.0266
Mpxx4q06	平原00003g	平原	0.0752
Mpjc4k48	森00003h	森	0.0198
Mp4thdrr	山00003i	山	0.0126
Mpqct704	山00003j	山	0.0904
Mpbyvzql	森00003k	森	0.0409
Mpxmxs1w	森00003l	森	0.0882
Mpjdqjvb	森00003m	森	0.0387
Mp56wb87	森00003n	森	0.0846
Mpr2125x	森00003o	森	0.0247
Mpczwslr	森00003p	森	0.0697
Mpyzrimf	森00003q	森	0.0846
Mpl2d857	森00003r	森	0.0310
Mp77bx7g	森00003s	森	0.0152
Mpte9luj	森00003t	森	0.0608
Mpfny9zq	平原00003u	平原	0.0176
Mp1zzxoe	山00003v	山	0.0774
Mpoe0kxw	平原00003w	平原	0.0466
Mpaus7pi	平原00003x	平原	0.0437
Mpxdiu1y	山00003y	山	0.0966
Mpjz0fwi	山00003z	山	0.0383
Mp6mv1aj	山000040	山	0.0704
Mptcom9e	平原000041	平原	0.0635
Mpg596qd	平原000042	平原	0.0945
Mp306qqt	山000043	山	0.0729
Mppx3ac3	森000044	森	0.0602
Mpcwqtfh	山000045	山	0.0780
Mpzydc3p	森000046	森	0.0167
Mpn2qua1	山000047	山	0.0381
Mpa9hbzu	平原000048	平原	0.0354
Mpxi6tah	森000049	森	0.0459
Mpktna38	平原00004a	平原	0.0359
Mp87gqfg	平原00004b	平原	0.0599
Mpvn96ci	平原00004c	平原	0.0875
Mpj5slro	平原00004d	平原	0.0226
Mp6qp0qb	森00004e	森	0.0707
Mpudkf9s	山00004f	山	0.0366
Mpi36tbd	森00004g	森	0.0297
Mp5v66wf	森00004h	森	0.0921
Mptp4k2b	森00004i	森	0.0624
Mphltwqb	山00004j	山	0.0502
Mp5kw8xs	山00004k	山	0.0621
Mptlxkq3	山00004l	山	0.0770
Mphppw0i	平原00004m	平原	0.0525
Mp5vv6ue	山00004n	山	0.0655
Mpu3zh94	山00004o	山	0.0414
Mpieur5y	森00004p	森	0.0368
Mp6s30m9	森00004q	森	0.0969
Mpv7a9ne	山00004r	山	0.0169
Mpjp8i6n	山00004s	山	0.0421
Mp89jq9d	森00004t	森	0.0838
Mpwvtxwx	山00004u	山	0.0292
Mplkv52l	森00004v	森	0.0668
Mpac9brq	山00004w	山	0.0880
Mpz5mi1p	平原00004x	平原	0.0648
Mpo1qnts	森00004y	森	0.0155
Mpd07t5c	平原00004z	平原	0.0719
Mp211y0d	森000050	森	0.0968
Mpr3v2g8	森000051	森	0.0475
Mpg9f6e7	山000052	山	0.0482
Mp5hc9vn	山000053	山	0.0564
Mpur8cxx	平原000054	平原	0.0655
Mpk3vfib	森000055	森	0.0806
Mp9ivhm6	山000056	山	0.0677
Mpyzujav	平原000057	平原	0.0993
Mpojkkho	森000058	森	0.0243
Mpe5nl7y	森000059	森	0.0244
Mp3u3lhp	森00005a	森	0.0806
Mptkilca	山00005b	山	0.0204
Mpjdokoz	森00005c	森	0.0299
Mp997jl5	平原00005d	平原	0.0202
Mpz6pi25	森00005e	森	0.0575
Mpp6yg19	森00005f	森	0.0467
Mpf9kdju	平原00005g	平原	0.0792
Mp5ejalw	山00005h	山	0.0417
Mpvlh78s	平原00005i	平原	0.0894
Mplv63ds	森00005j	森	0.0284
Mpc77z29	森00005k	森	0.0534
Mp2lmua7	平原00005l	平原	0.0892
Mpt20p2z	平原00005m	平原	0.0506
Mpjl5jdv	平原00005n	平原	0.0237
Mpa6nd88	山00005o	山	0.0522
Mp0ui6m2	山00005p	山	0.0997
Mprkbzkq	平原00005q	平原	0.0938
Mpicws1i	平原00005r	平原	0.0842
Mp97uk1r	森00005s	森	0.0918
Mp055blh	平原00005t	平原	0.0318
Mpr4f2q1	平原00005u	平原	0.0915
Mpi6ftcp	森00005v	森	0.0295
Mp9atjiu	平原00005w	平原	0.0383
Mp0hk98g	平原00005x	平原	0.0200
Mprq9yiw	森00005y	森	0.0528
Mpj1qnbg	山00005z	山	0.0156
Mpafkbnh	森000060	森	0.0987
Mp1vqziz	森000061	森	0.0991
Mptdwmzb	森000062	森	0.1000
Mpkyt9xr	森000063	森	0.0642
Mpcm2wfo	森000064	森	0.0435
Mp4bpih2	山000065	山	0.0891
Mpw3b43a	山000066	山	0.0766
Mpnxnp7m	山000067	山	0.0758
Mpfud9vf	山000068	山	0.0301
Mp7tfu2p	森000069	森	0.0206
Mpzuhdut	平原00006a	平原	0.0994
Mpry9x51	平原00006b	平原	0.0610
Mpk4ffyq	山00006c	山	0.0466
Mpccxybw	山00006d	山	0.0403
Mp4ntg8j	平原00006e	平原	0.0836
Mpx0nxq0	山00006f	山	0.0236
Mppg9epl	森00006g	森	0.0907
Mphy7v8n	山00006h	山	0.0631
Mpaijbb6	山00006i	山	0.0346
Mp357qx6	平原00006j	平原	0.0891
Mpvtv640	山00006k	山	0.0643
Mpol9ksy	平原00006l	平原	0.0684
Mphf0z1d	山00006m	山	0.0537
Mpab5ct9	森00006n	森	0.0200
Mp39mq4m	平原00006o	平原	0.0195
Mpwa330t	山00006p	山	0.0876
Mppdaff4	平原00006q	平原	0.0706
Mpiiurcw	森00006r	森	0.0419
Mpbqs2u5	平原00006s	平原	0.0271
Mp512duv	山00006t	山	0.0125
Mpydbogf	森00006u	森	0.0505
Mprsbyk3	平原00006v	平原	0.0699
Mpl9p878	森00006w	森	0.0956
Mpetfhdu	平原00006x	平原	0.0122
Mp8fiq3x	平原00006y	平原	0.0962
Mp23yydh	山00006z	山	0.0632
Mpvue67v	平原000070	平原	0.0941
Mppnkdkd	森000071	森	0.0347
Mpjj3kgc	平原000072	平原	0.0202
Mpdgzqvs	平原000073	平原	0.0217
Mp7h8wup	平原000074	平原	0.0361
Mp1jv2d3	森000075	森	0.0157
Mpvog7gb	森000076	森	0.0488
Mppvsc1n	山000077	山	0.0818
Mpk5hg6g	山000078	山	0.0847
Mpehjjuq	森000079	森	0.0477
Mp8vyn2h	森00007a	森	0.0166
Mp3cqptp	平原00007b	平原	0.0751
Mpxvhs5r	平原00007c	平原	0.0931
Mpsgztzx	山00007d	山	0.0954
Mpn4uvdk	山00007e	山	0.0614
Mphv2wao	山00007f	山	0.0434
Mpcnnwr9	森00007g	森	0.0132
Mp7ilwrb	山00007h	山	0.0575
Mp2fwwau	森00007i	森	0.0656
Mpxf6vf7	森00007j	森	0.0889
Mpsh7u1o	山00007k	山	0.0550
Mpnlls7m	森00007l	森	0.0342
Mpiscpx1	森00007m	森	0.0145
Mpe1gn5x	森00007n	森	0.0138
Mp9cxjya	山00007o	山	0.0904
Mp4qrga4	森00007p	森	0.0902
Mp06yc5f	森00007q	森	0.0372
Mpvp47lk	森00007r	森	0.0181
Mpra12jt	山00007s	山	0.0799
Mpmxax1j	山00007t	山	0.0616
Mpimxr2q	山00007u	山	0.0992
Mpeexkne	平原00007v	平原	0.0507
Mpa9adrj	平原00007w	平原	0.0465
Mp6606f5	平原00007x	平原	0.0383
Mp252ym8	平原00007y	平原	0.0686
Mpy64qe5	森00007z	森	0.0345
Mpu9xho6	山000080	山	0.0300
Mpqg38ho	平原000081	平原	0.0682
Mpmolyun	平原000082	平原	0.0814
Mpizhor3	森000083	森	0.0432
Mpfcqe70	山000084	山	0.0320
Mpbsc36e	山000085	山	0.0203
Mp8aarp9	平原000086	平原	0.0830
Mp4umfrl	山000087	山	0.0167
Mp1hb3de	山000088	山	0.0796
Mpy5yqk1	山000089	山	0.0346
Mpuxdd8s	平原00008a	平原	0.0738
Mprr4zh0	森00008b	森	0.0694
Mpon9l8p	山00008c	山	0.0153
Mpllr6jv	平原00008d	平原	0.0789
Mpimlrei	山00008e	山	0.0411
Mpfptbsm	山00008f	山	0.0565
Mpcvdvq7	山00008g	山	0.0103
Mpa3bf79	森00008h	森	0.0687
Mp7dly7s	平原00008i	平原	0.0148
Mp4q9grs	平原00008j	平原	0.0107
Mp259yv9	平原00008k	平原	0.0823
Mpzm9gjk	森00008l	森	0.0281
Mpx5zxpz	森00008m	森	0.0116
Mpus3efv	山00008n	山	0.0421
Mpsgjup8	平原00008o	平原	0.0125
Mpq7dai2	平原00008p	平原	0.0461
Mpo0jpud	平原00008q	平原	0.0832
Mplw34q5	山00008r	山	0.0880
Mpjtzj5e	平原00008s	平原	0.0166
Mphu8x44	山00008t	山	0.0890
Mpfwvamb	森00008u	森	0.0593
Mpe1unnz	平原00008v	平原	0.0282
Mpc97094	山00008w	山	0.0572
Mpaiwcdq	平原00008x	平原	0.0341
Mp8uyo1t	山00008y	山	0.0708
Mp79dz9d	山00008z	山	0.0472
Mp5q6a0e	山000090	山	0.0305
Mp49bkaw	山000091	山	0.0163
Mp2utu4v	森000092	森	0.0336
Mp1ip3ib	平原000093	平原	0.0538
Mp08xcf8	山000094	山	0.0505
Mpz14kwz	山000095	山	0.0671
Mpxw2swu	平原000096	平原	0.0217
Mpwte0g6	森000097	森	0.0599
Mpvt27iz	山000098	山	0.0935
Mpuv3e59	山000099	山	0.0855
Mptzhkb0	平原00009a	平原	0.0768
Mpt68q08	森00009b	森	0.0754
Mpsfcv8x	平原00009c	平原	0.0985
Mprqu013	平原00009d	平原	0.0854
Mpr4o4cq	山00009e	山	0.0809
Mpqkv87u	平原00009f	平原	0.0932
Mpq3fbmf	山00009g	山	0.0235
Mppocekh	森00009h	森	0.0347
Mppbmh20	森00009i	森	0.0980
Mpp19j30	森00009j	森	0.0378
Mpot9knh	平原00009k	平原	0.0539
Mponmlrf	山00009l	山	0.0271
Mpokcmeu	山00009m	山	0.0682
Mpojfmlq	森00009n	森	0.0410
Mpokvmc3	平原00009o	平原	0.0910
Mpooollx	平原00009p	平原	0.0643
Mpouukf8	森00009q	森	0.0765
Mpp3dis0	森00009r	森	0.0104
Mppe9go9	森00009s	森	0.0772
Mpprie3z	平原00009t	平原	0.0450
Mpq74b36	山00009u	山	0.0137
Mpqp37lu	山00009v	山	0.0913
Mpr9f3nz	平原00009w	平原	0.0305
Mprw3z9l	山00009x	山	0.0900
Mpsl5ueo	山00009y	山	0.0897
Mptckp38	森00009z	森	0.0372
Mpu6cjb9	森0000a0	森	0.0465
Mpv2hd2r	平原0000a1	平原	0.0392
Mpw0z6dq	山0000a2	山	0.0917
Mpx1tz86	平原0000a3	平原	0.0371
Mpy51rm3	森0000a4	森	0.0176
Mpzamjjh	平原0000a5	平原	0.0921
Mp0iyayz	山0000a6	山	0.0360
Mp1t91zb	平原0000a7	平原	0.0772
Mp35wsj4	森0000a8	森	0.0487
Mp4kxime	山0000a9	山	0.0603
Mp62b895	山0000aa	山	0.0432
Mp7m1xfd	森0000ab	森	0.0339
Mp985m52	平原0000ac	平原	0.0595
Mpawmae8	平原0000ad	平原	0.0742
Mpcnfy6v	森0000ae	森	0.0546
Mpegmliz	森0000af	森	0.0982
Mpgc68ek	平原0000ag	平原	0.0694
Mpia2utm	山0000ah	山	0.0612
Mpkacgs5	平原0000ai	平原	0.0326
Mpmcz2a5	平原0000aj	平原	0.0855
Mpohynbm	森0000ak	森	0.0115
Mpqpb7wk	森0000al	森	0.0629
Mpsz0s0z	山0000am	山	0.0157
Mpvb3bov	平原0000an	平原	0.0172
Mpxpiuw8	森0000ao	森	0.0972
Mp06pdlp	森0000ap	森	0.0696
Mp2puvw0	山0000aq	山	0.0455
Mp5bddps	平原0000ar	平原	0.0278
Mp7z8v31	平原0000as	平原	0.0992
Mpaphbzr	山0000at	山	0.0112
Mpdi2sfy	平原0000au	平原	0.0623
Mpgd18fm	山0000av	山	0.0269
Mpjacnyr	山0000aw	山	0.0702
Mpma131d	森0000ax	森	0.0464
Mppc2hng	山0000ay	山	0.0169
Mpsggvt0	森0000az	森	0.0987
Mpvn89i1	山0000b0	山	0.0747
Mpywcmqj	森0000b1	森	0.0586
Mp287zh5	平原0000b2	平原	0.0280
Mp5m2bsl	平原0000b3	平原	0.0525
Mp929nni	山0000b4	山	0.0742
Mpcktz1w	森0000b5	森	0.0293
Mpg5r9zr	平原0000b6	平原	0.0679
Mpjt1kh3	平原0000b7	平原	0.0793
Mpniouhw	森0000b8	森	0.0672
Mprap426	山0000b9	山	0.0317
Mpv52d5x	森0000ba	森	0.0994
Mpz1slt5	森0000bb	森	0.0222
Mp319tyh	山0000bc	山	0.0271
Mp72q1on	平原0000bd	平原	0.0368
Mpb6j8ya	森0000be	森	0.0181
Mpfcpfre	森0000bf	森	0.0405
Mpjl8m3z	平原0000bg	平原	0.0957
Mpnw4s01	平原0000bh	平原	0.0167
Mps9dxfk	森0000bi	森	0.0435
Mpwp02ek	平原0000bj	平原	0.0269
Mp17d6vo	森0000bk	森	0.0597
Mp5rpaxm	山0000bl	山	0.0655
Mpaeeej1	森0000bm	森	0.0355
Mpf3ghnx	平原0000bn	平原	0.0459
Mpjuvkca	平原0000bo	平原	0.0854
Mpoonmk4	平原0000bp	平原	0.0126
Mptksobf	平原0000bq	平原	0.0171
Mpyjapm7	森0000br	森	0.0832
Mp3kjqf3	山0000bs	山	0.0988
Mp8nrqst	平原0000bt	平原	0.0699
Mpdtcqq0	山0000bu	山	0.0199
Mpj1aq6o	平原0000bv	平原	0.0251
Mpoblp6t	山0000bw	山	0.0977
Mpto9nqf	山0000bx	山	0.0638
Mpz3alti	平原0000by	平原	0.0612
Mp4l2jep	森0000bz	森	0.0850
Mpa4tgkq	山0000c0	山	0.0546
Mpfqxda8	平原0000c1	平原	0.0844
Mplfe9j7	森0000c2	森	0.0159
Mpr685bn	山0000c3	山	0.0382
Mpwzf0nk	山0000c4	山	0.0339
Mp2vcvhl	平原0000c5	平原	0.0725
Mp8t9pwg	森0000c6	森	0.0709
Mpetjjus	森0000c7	森	0.0162
Mpkw6dcl	平原0000c8	平原	0.0926
Mpr166dv	森0000c9	森	0.0129
Mpx8iyym	平原0000ca	平原	0.0870
Mp3imr1h	山0000cb	山	0.0347
Mp9upip6	平原0000cc	平原	0.0969
Mpg959wc	山0000cd	山	0.0849
Mpmpy0mz	平原0000ce	平原	0.0132
Mpt93qx3	森0000cf	森	0.0952
Mpzumgqo	山0000cg	山	0.0549
Mp6iw62d	平原0000ch	平原	0.0541
Mpd94uyw	森0000ci	森	0.0609
Mpk1qjew	森0000cj	森	0.0420
Mpqwp7ed	森0000ck	森	0.0923
Mpxu0uxb	森0000cl	森	0.0946
Mp4u3hyd	山0000cm	山	0.0976
Mpbw54k9	平原0000cn	平原	0.0580
Mpj0jqpm	森0000co	森	0.0510
Mpq7bceg	森0000cp	森	0.0401
Mpxgfxmr	山0000cq	山	0.0546
Mp4sbid6	森0000cr	森	0.0601
Mpc662of	平原0000cs	平原	0.0238
Mpjmdmj5	森0000ct	森	0.0765
Mpr4y5xc	山0000cu	山	0.0841
Mpypvov0	森0000cv	森	0.0730
Mp6dk7as	森0000cw	森	0.0283
Mpe37pbe	平原0000cx	平原	0.0310
Mplv86vh	平原0000cy	平原	0.0480
Mptplnz1	平原0000cz	平原	0.0689
Mp1mq4kp	森0000d0	森	0.0222
Mp9ltkr7	森0000d1	森	0.0397
Mphna0h6	平原0000d2	平原	0.0714
Mppr3fqm	平原0000d3	平原	0.0770
Mpxx9ujj	山0000d4	山	0.0987
Mp6678uk	山0000d5	山	0.0775
Mpeh3mqf	森0000d6	森	0.0962
Mpmud05r	山0000d7	山	0.0764
Mpv9zd4k	森0000d8	森	0.0243
Mp3scplh	平原0000d9	平原	0.0457
Mpccp1n8	平原0000da	平原	0.0183
Mpkzed8g	山0000db	山	0.0128
Mptogod5	平原0000dc	平原	0.0161
Mp2g9yzy	山0000dd	山	0.0155
Mpba297l	山0000de	山	0.0109
Mpk67iyp	森0000df	森	0.0569
Mpt4ps9a	森0000dg	森	0.0121
Mp25z11z	平原0000dh	平原	0.0335
Mpb979fi	平原0000di	平原	0.0780
Mpkeshci	平原0000dj	平原	0.0852
Mptmqosz	山0000dk	山	0.0447
Mp2xfvrk	平原0000dl	平原	0.0381
Mpca42az	平原0000dm	平原	0.0248
Mplp58dv	森0000dn	森	0.0610
Mpv6je08	平原0000do	平原	0.0612
Mp4qoj4p	平原0000dp	平原	0.0344
Mpecsnu0	平原0000dq	平原	0.0268
Mpo19s2s	山0000dr	山	0.0402
Mpxs3vv1	森0000ds	森	0.0528
Mp7loz5e	平原0000dt	平原	0.0497
Mphh920l	山0000du	山	0.0145
Mprf64f9	森0000dv	森	0.0325
Mp1fu6c1	森0000dw	森	0.0891
